first,last,identity,name,sex,email
Hong,Chen,Asian,Hong Chen,Male,hong.chen@gmail.com
Hong,Kim,Asian,Hong Kim,Male,hong.kim@gmail.com
Hong,Le,Asian,Hong Le,Male,hong.le@gmail.com
Hong,Li,Asian,Hong Li,Male,hong.li@gmail.com
Hong,Nguyen,Asian,Hong Nguyen,Male,hong.nguyen@gmail.com
Hong,Patel,Asian,Hong Patel,Male,hong.patel@gmail.com
Hong,Pham,Asian,Hong Pham,Male,hong.pham@gmail.com
Hong,Tran,Asian,Hong Tran,Male,hong.tran@gmail.com
Hong,Wang,Asian,Hong Wang,Male,hong.wang@gmail.com
Hong,Yang,Asian,Hong Yang,Male,hong.yang@gmail.com
Hung,Chen,Asian,Hung Chen,Male,hung.chen@gmail.com
Hung,Kim,Asian,Hung Kim,Male,hung.kim@gmail.com
Hung,Le,Asian,Hung Le,Male,hung.le@gmail.com
Hung,Li,Asian,Hung Li,Male,hung.li@gmail.com
Hung,Nguyen,Asian,Hung Nguyen,Male,hung.nguyen@gmail.com
Hung,Patel,Asian,Hung Patel,Male,hung.patel@gmail.com
Hung,Pham,Asian,Hung Pham,Male,hung.pham@gmail.com
Hung,Tran,Asian,Hung Tran,Male,hung.tran@gmail.com
Hung,Wang,Asian,Hung Wang,Male,hung.wang@gmail.com
Hung,Yang,Asian,Hung Yang,Male,hung.yang@gmail.com
Jian,Chen,Asian,Jian Chen,Male,jian.chen@gmail.com
Jian,Kim,Asian,Jian Kim,Male,jian.kim@gmail.com
Jian,Le,Asian,Jian Le,Male,jian.le@gmail.com
Jian,Li,Asian,Jian Li,Male,jian.li@gmail.com
Jian,Nguyen,Asian,Jian Nguyen,Male,jian.nguyen@gmail.com
Jian,Patel,Asian,Jian Patel,Male,jian.patel@gmail.com
Jian,Pham,Asian,Jian Pham,Male,jian.pham@gmail.com
Jian,Tran,Asian,Jian Tran,Male,jian.tran@gmail.com
Jian,Wang,Asian,Jian Wang,Male,jian.wang@gmail.com
Jian,Yang,Asian,Jian Yang,Male,jian.yang@gmail.com
Yong,Chen,Asian,Yong Chen,Male,yong.chen@gmail.com
Yong,Kim,Asian,Yong Kim,Male,yong.kim@gmail.com
Yong,Le,Asian,Yong Le,Male,yong.le@gmail.com
Yong,Li,Asian,Yong Li,Male,yong.li@gmail.com
Yong,Nguyen,Asian,Yong Nguyen,Male,yong.nguyen@gmail.com
Yong,Patel,Asian,Yong Patel,Male,yong.patel@gmail.com
Yong,Pham,Asian,Yong Pham,Male,yong.pham@gmail.com
Yong,Tran,Asian,Yong Tran,Male,yong.tran@gmail.com
Yong,Wang,Asian,Yong Wang,Male,yong.wang@gmail.com
Yong,Yang,Asian,Yong Yang,Male,yong.yang@gmail.com
Young,Chen,Asian,Young Chen,Male,young.chen@gmail.com
Young,Kim,Asian,Young Kim,Male,young.kim@gmail.com
Young,Le,Asian,Young Le,Male,young.le@gmail.com
Young,Li,Asian,Young Li,Male,young.li@gmail.com
Young,Nguyen,Asian,Young Nguyen,Male,young.nguyen@gmail.com
Young,Patel,Asian,Young Patel,Male,young.patel@gmail.com
Young,Pham,Asian,Young Pham,Male,young.pham@gmail.com
Young,Tran,Asian,Young Tran,Male,young.tran@gmail.com
Young,Wang,Asian,Young Wang,Male,young.wang@gmail.com
Young,Yang,Asian,Young Yang,Male,young.yang@gmail.com
Darnell,Burke,Black American,Darnell Burke,Male,darnell.burke@gmail.com
Darnell,Carpenter,Black American,Darnell Carpenter,Male,darnell.carpenter@gmail.com
Darnell,Fox,Black American,Darnell Fox,Male,darnell.fox@gmail.com
Darnell,Jackson,Black American,Darnell Jackson,Male,darnell.jackson@gmail.com
Darnell,Stone,Black American,Darnell Stone,Male,darnell.stone@gmail.com
Darnell,Sullivan,Black American,Darnell Sullivan,Male,darnell.sullivan@gmail.com
Darnell,Washington,Black American,Darnell Washington,Male,darnell.washington@gmail.com
Darnell,Weaver,Black American,Darnell Weaver,Male,darnell.weaver@gmail.com
Darnell,Williams,Black American,Darnell Williams,Male,darnell.williams@gmail.com
Darnell,Wood,Black American,Darnell Wood,Male,darnell.wood@gmail.com
Ebony,Burke,Black American,Ebony Burke,Female,ebony.burke@gmail.com
Ebony,Carpenter,Black American,Ebony Carpenter,Female,ebony.carpenter@gmail.com
Ebony,Fox,Black American,Ebony Fox,Female,ebony.fox@gmail.com
Ebony,Jackson,Black American,Ebony Jackson,Female,ebony.jackson@gmail.com
Ebony,Stone,Black American,Ebony Stone,Female,ebony.stone@gmail.com
Ebony,Sullivan,Black American,Ebony Sullivan,Female,ebony.sullivan@gmail.com
Ebony,Washington,Black American,Ebony Washington,Female,ebony.washington@gmail.com
Ebony,Weaver,Black American,Ebony Weaver,Female,ebony.weaver@gmail.com
Ebony,Williams,Black American,Ebony Williams,Female,ebony.williams@gmail.com
Ebony,Wood,Black American,Ebony Wood,Female,ebony.wood@gmail.com
Jermaine,Burke,Black American,Jermaine Burke,Male,jermaine.burke@gmail.com
Jermaine,Carpenter,Black American,Jermaine Carpenter,Male,jermaine.carpenter@gmail.com
Jermaine,Fox,Black American,Jermaine Fox,Male,jermaine.fox@gmail.com
Jermaine,Jackson,Black American,Jermaine Jackson,Male,jermaine.jackson@gmail.com
Jermaine,Stone,Black American,Jermaine Stone,Male,jermaine.stone@gmail.com
Jermaine,Sullivan,Black American,Jermaine Sullivan,Male,jermaine.sullivan@gmail.com
Jermaine,Washington,Black American,Jermaine Washington,Male,jermaine.washington@gmail.com
Jermaine,Weaver,Black American,Jermaine Weaver,Male,jermaine.weaver@gmail.com
Jermaine,Williams,Black American,Jermaine Williams,Male,jermaine.williams@gmail.com
Jermaine,Wood,Black American,Jermaine Wood,Male,jermaine.wood@gmail.com
Lakisha,Burke,Black American,Lakisha Burke,Female,lakisha.burke@gmail.com
Lakisha,Carpenter,Black American,Lakisha Carpenter,Female,lakisha.carpenter@gmail.com
Lakisha,Fox,Black American,Lakisha Fox,Female,lakisha.fox@gmail.com
Lakisha,Jackson,Black American,Lakisha Jackson,Female,lakisha.jackson@gmail.com
Lakisha,Stone,Black American,Lakisha Stone,Female,lakisha.stone@gmail.com
Lakisha,Sullivan,Black American,Lakisha Sullivan,Female,lakisha.sullivan@gmail.com
Lakisha,Washington,Black American,Lakisha Washington,Female,lakisha.washington@gmail.com
Lakisha,Weaver,Black American,Lakisha Weaver,Female,lakisha.weaver@gmail.com
Lakisha,Williams,Black American,Lakisha Williams,Female,lakisha.williams@gmail.com
Lakisha,Wood,Black American,Lakisha Wood,Female,lakisha.wood@gmail.com
Latasha,Burke,Black American,Latasha Burke,Female,latasha.burke@gmail.com
Latasha,Carpenter,Black American,Latasha Carpenter,Female,latasha.carpenter@gmail.com
Latasha,Fox,Black American,Latasha Fox,Female,latasha.fox@gmail.com
Latasha,Jackson,Black American,Latasha Jackson,Female,latasha.jackson@gmail.com
Latasha,Stone,Black American,Latasha Stone,Female,latasha.stone@gmail.com
Latasha,Sullivan,Black American,Latasha Sullivan,Female,latasha.sullivan@gmail.com
Latasha,Washington,Black American,Latasha Washington,Female,latasha.washington@gmail.com
Latasha,Weaver,Black American,Latasha Weaver,Female,latasha.weaver@gmail.com
Latasha,Williams,Black American,Latasha Williams,Female,latasha.williams@gmail.com
Latasha,Wood,Black American,Latasha Wood,Female,latasha.wood@gmail.com
Latonya,Burke,Black American,Latonya Burke,Female,latonya.burke@gmail.com
Latonya,Carpenter,Black American,Latonya Carpenter,Female,latonya.carpenter@gmail.com
Latonya,Fox,Black American,Latonya Fox,Female,latonya.fox@gmail.com
Latonya,Jackson,Black American,Latonya Jackson,Female,latonya.jackson@gmail.com
Latonya,Stone,Black American,Latonya Stone,Female,latonya.stone@gmail.com
Latonya,Sullivan,Black American,Latonya Sullivan,Female,latonya.sullivan@gmail.com
Latonya,Washington,Black American,Latonya Washington,Female,latonya.washington@gmail.com
Latonya,Weaver,Black American,Latonya Weaver,Female,latonya.weaver@gmail.com
Latonya,Williams,Black American,Latonya Williams,Female,latonya.williams@gmail.com
Latonya,Wood,Black American,Latonya Wood,Female,latonya.wood@gmail.com
Latoya,Burke,Black American,Latoya Burke,Female,latoya.burke@gmail.com
Latoya,Carpenter,Black American,Latoya Carpenter,Female,latoya.carpenter@gmail.com
Latoya,Fox,Black American,Latoya Fox,Female,latoya.fox@gmail.com
Latoya,Jackson,Black American,Latoya Jackson,Female,latoya.jackson@gmail.com
Latoya,Stone,Black American,Latoya Stone,Female,latoya.stone@gmail.com
Latoya,Sullivan,Black American,Latoya Sullivan,Female,latoya.sullivan@gmail.com
Latoya,Washington,Black American,Latoya Washington,Female,latoya.washington@gmail.com
Latoya,Weaver,Black American,Latoya Weaver,Female,latoya.weaver@gmail.com
Latoya,Williams,Black American,Latoya Williams,Female,latoya.williams@gmail.com
Latoya,Wood,Black American,Latoya Wood,Female,latoya.wood@gmail.com
Roosevelt,Burke,Black American,Roosevelt Burke,Male,roosevelt.burke@gmail.com
Roosevelt,Carpenter,Black American,Roosevelt Carpenter,Male,roosevelt.carpenter@gmail.com
Roosevelt,Fox,Black American,Roosevelt Fox,Male,roosevelt.fox@gmail.com
Roosevelt,Jackson,Black American,Roosevelt Jackson,Male,roosevelt.jackson@gmail.com
Roosevelt,Stone,Black American,Roosevelt Stone,Male,roosevelt.stone@gmail.com
Roosevelt,Sullivan,Black American,Roosevelt Sullivan,Male,roosevelt.sullivan@gmail.com
Roosevelt,Washington,Black American,Roosevelt Washington,Male,roosevelt.washington@gmail.com
Roosevelt,Weaver,Black American,Roosevelt Weaver,Male,roosevelt.weaver@gmail.com
Roosevelt,Williams,Black American,Roosevelt Williams,Male,roosevelt.williams@gmail.com
Roosevelt,Wood,Black American,Roosevelt Wood,Male,roosevelt.wood@gmail.com
Tamika,Burke,Black American,Tamika Burke,Female,tamika.burke@gmail.com
Tamika,Carpenter,Black American,Tamika Carpenter,Female,tamika.carpenter@gmail.com
Tamika,Fox,Black American,Tamika Fox,Female,tamika.fox@gmail.com
Tamika,Jackson,Black American,Tamika Jackson,Female,tamika.jackson@gmail.com
Tamika,Stone,Black American,Tamika Stone,Female,tamika.stone@gmail.com
Tamika,Sullivan,Black American,Tamika Sullivan,Female,tamika.sullivan@gmail.com
Tamika,Washington,Black American,Tamika Washington,Female,tamika.washington@gmail.com
Tamika,Weaver,Black American,Tamika Weaver,Female,tamika.weaver@gmail.com
Tamika,Williams,Black American,Tamika Williams,Female,tamika.williams@gmail.com
Tamika,Wood,Black American,Tamika Wood,Female,tamika.wood@gmail.com
Tanisha,Burke,Black American,Tanisha Burke,Female,tanisha.burke@gmail.com
Tanisha,Carpenter,Black American,Tanisha Carpenter,Female,tanisha.carpenter@gmail.com
Tanisha,Fox,Black American,Tanisha Fox,Female,tanisha.fox@gmail.com
Tanisha,Jackson,Black American,Tanisha Jackson,Female,tanisha.jackson@gmail.com
Tanisha,Stone,Black American,Tanisha Stone,Female,tanisha.stone@gmail.com
Tanisha,Sullivan,Black American,Tanisha Sullivan,Female,tanisha.sullivan@gmail.com
Tanisha,Washington,Black American,Tanisha Washington,Female,tanisha.washington@gmail.com
Tanisha,Weaver,Black American,Tanisha Weaver,Female,tanisha.weaver@gmail.com
Tanisha,Williams,Black American,Tanisha Williams,Female,tanisha.williams@gmail.com
Tanisha,Wood,Black American,Tanisha Wood,Female,tanisha.wood@gmail.com
Alejandro,Garcia,Hispanic,Alejandro Garcia,Male,alejandro.garcia@gmail.com
Alejandro,Gonzalez,Hispanic,Alejandro Gonzalez,Male,alejandro.gonzalez@gmail.com
Alejandro,Hernandez,Hispanic,Alejandro Hernandez,Male,alejandro.hernandez@gmail.com
Alejandro,Lopez,Hispanic,Alejandro Lopez,Male,alejandro.lopez@gmail.com
Alejandro,Martinez,Hispanic,Alejandro Martinez,Male,alejandro.martinez@gmail.com
Alejandro,Perez,Hispanic,Alejandro Perez,Male,alejandro.perez@gmail.com
Alejandro,Ramirez,Hispanic,Alejandro Ramirez,Male,alejandro.ramirez@gmail.com
Alejandro,Rodriguez,Hispanic,Alejandro Rodriguez,Male,alejandro.rodriguez@gmail.com
Alejandro,Sanchez,Hispanic,Alejandro Sanchez,Male,alejandro.sanchez@gmail.com
Alejandro,Torres,Hispanic,Alejandro Torres,Male,alejandro.torres@gmail.com
Guadalupe,Garcia,Hispanic,Guadalupe Garcia,Female,guadalupe.garcia@gmail.com
Guadalupe,Gonzalez,Hispanic,Guadalupe Gonzalez,Female,guadalupe.gonzalez@gmail.com
Guadalupe,Hernandez,Hispanic,Guadalupe Hernandez,Female,guadalupe.hernandez@gmail.com
Guadalupe,Lopez,Hispanic,Guadalupe Lopez,Female,guadalupe.lopez@gmail.com
Guadalupe,Martinez,Hispanic,Guadalupe Martinez,Female,guadalupe.martinez@gmail.com
Guadalupe,Perez,Hispanic,Guadalupe Perez,Female,guadalupe.perez@gmail.com
Guadalupe,Ramirez,Hispanic,Guadalupe Ramirez,Female,guadalupe.ramirez@gmail.com
Guadalupe,Rodriguez,Hispanic,Guadalupe Rodriguez,Female,guadalupe.rodriguez@gmail.com
Guadalupe,Sanchez,Hispanic,Guadalupe Sanchez,Female,guadalupe.sanchez@gmail.com
Guadalupe,Torres,Hispanic,Guadalupe Torres,Female,guadalupe.torres@gmail.com
Hector,Garcia,Hispanic,Hector Garcia,Male,hector.garcia@gmail.com
Hector,Gonzalez,Hispanic,Hector Gonzalez,Male,hector.gonzalez@gmail.com
Hector,Hernandez,Hispanic,Hector Hernandez,Male,hector.hernandez@gmail.com
Hector,Lopez,Hispanic,Hector Lopez,Male,hector.lopez@gmail.com
Hector,Martinez,Hispanic,Hector Martinez,Male,hector.martinez@gmail.com
Hector,Perez,Hispanic,Hector Perez,Male,hector.perez@gmail.com
Hector,Ramirez,Hispanic,Hector Ramirez,Male,hector.ramirez@gmail.com
Hector,Rodriguez,Hispanic,Hector Rodriguez,Male,hector.rodriguez@gmail.com
Hector,Sanchez,Hispanic,Hector Sanchez,Male,hector.sanchez@gmail.com
Hector,Torres,Hispanic,Hector Torres,Male,hector.torres@gmail.com
Javier,Garcia,Hispanic,Javier Garcia,Male,javier.garcia@gmail.com
Javier,Gonzalez,Hispanic,Javier Gonzalez,Male,javier.gonzalez@gmail.com
Javier,Hernandez,Hispanic,Javier Hernandez,Male,javier.hernandez@gmail.com
Javier,Lopez,Hispanic,Javier Lopez,Male,javier.lopez@gmail.com
Javier,Martinez,Hispanic,Javier Martinez,Male,javier.martinez@gmail.com
Javier,Perez,Hispanic,Javier Perez,Male,javier.perez@gmail.com
Javier,Ramirez,Hispanic,Javier Ramirez,Male,javier.ramirez@gmail.com
Javier,Rodriguez,Hispanic,Javier Rodriguez,Male,javier.rodriguez@gmail.com
Javier,Sanchez,Hispanic,Javier Sanchez,Male,javier.sanchez@gmail.com
Javier,Torres,Hispanic,Javier Torres,Male,javier.torres@gmail.com
Jesus,Garcia,Hispanic,Jesus Garcia,Male,jesus.garcia@gmail.com
Jesus,Gonzalez,Hispanic,Jesus Gonzalez,Male,jesus.gonzalez@gmail.com
Jesus,Hernandez,Hispanic,Jesus Hernandez,Male,jesus.hernandez@gmail.com
Jesus,Lopez,Hispanic,Jesus Lopez,Male,jesus.lopez@gmail.com
Jesus,Martinez,Hispanic,Jesus Martinez,Male,jesus.martinez@gmail.com
Jesus,Perez,Hispanic,Jesus Perez,Male,jesus.perez@gmail.com
Jesus,Ramirez,Hispanic,Jesus Ramirez,Male,jesus.ramirez@gmail.com
Jesus,Rodriguez,Hispanic,Jesus Rodriguez,Male,jesus.rodriguez@gmail.com
Jesus,Sanchez,Hispanic,Jesus Sanchez,Male,jesus.sanchez@gmail.com
Jesus,Torres,Hispanic,Jesus Torres,Male,jesus.torres@gmail.com
Jorge,Garcia,Hispanic,Jorge Garcia,Male,jorge.garcia@gmail.com
Jorge,Gonzalez,Hispanic,Jorge Gonzalez,Male,jorge.gonzalez@gmail.com
Jorge,Hernandez,Hispanic,Jorge Hernandez,Male,jorge.hernandez@gmail.com
Jorge,Lopez,Hispanic,Jorge Lopez,Male,jorge.lopez@gmail.com
Jorge,Martinez,Hispanic,Jorge Martinez,Male,jorge.martinez@gmail.com
Jorge,Perez,Hispanic,Jorge Perez,Male,jorge.perez@gmail.com
Jorge,Ramirez,Hispanic,Jorge Ramirez,Male,jorge.ramirez@gmail.com
Jorge,Rodriguez,Hispanic,Jorge Rodriguez,Male,jorge.rodriguez@gmail.com
Jorge,Sanchez,Hispanic,Jorge Sanchez,Male,jorge.sanchez@gmail.com
Jorge,Torres,Hispanic,Jorge Torres,Male,jorge.torres@gmail.com
Juan,Garcia,Hispanic,Juan Garcia,Male,juan.garcia@gmail.com
Juan,Gonzalez,Hispanic,Juan Gonzalez,Male,juan.gonzalez@gmail.com
Juan,Hernandez,Hispanic,Juan Hernandez,Male,juan.hernandez@gmail.com
Juan,Lopez,Hispanic,Juan Lopez,Male,juan.lopez@gmail.com
Juan,Martinez,Hispanic,Juan Martinez,Male,juan.martinez@gmail.com
Juan,Perez,Hispanic,Juan Perez,Male,juan.perez@gmail.com
Juan,Ramirez,Hispanic,Juan Ramirez,Male,juan.ramirez@gmail.com
Juan,Rodriguez,Hispanic,Juan Rodriguez,Male,juan.rodriguez@gmail.com
Juan,Sanchez,Hispanic,Juan Sanchez,Male,juan.sanchez@gmail.com
Juan,Torres,Hispanic,Juan Torres,Male,juan.torres@gmail.com
Julio,Garcia,Hispanic,Julio Garcia,Male,julio.garcia@gmail.com
Julio,Gonzalez,Hispanic,Julio Gonzalez,Male,julio.gonzalez@gmail.com
Julio,Hernandez,Hispanic,Julio Hernandez,Male,julio.hernandez@gmail.com
Julio,Lopez,Hispanic,Julio Lopez,Male,julio.lopez@gmail.com
Julio,Martinez,Hispanic,Julio Martinez,Male,julio.martinez@gmail.com
Julio,Perez,Hispanic,Julio Perez,Male,julio.perez@gmail.com
Julio,Ramirez,Hispanic,Julio Ramirez,Male,julio.ramirez@gmail.com
Julio,Rodriguez,Hispanic,Julio Rodriguez,Male,julio.rodriguez@gmail.com
Julio,Sanchez,Hispanic,Julio Sanchez,Male,julio.sanchez@gmail.com
Julio,Torres,Hispanic,Julio Torres,Male,julio.torres@gmail.com
Miguel,Garcia,Hispanic,Miguel Garcia,Male,miguel.garcia@gmail.com
Miguel,Gonzalez,Hispanic,Miguel Gonzalez,Male,miguel.gonzalez@gmail.com
Miguel,Hernandez,Hispanic,Miguel Hernandez,Male,miguel.hernandez@gmail.com
Miguel,Lopez,Hispanic,Miguel Lopez,Male,miguel.lopez@gmail.com
Miguel,Martinez,Hispanic,Miguel Martinez,Male,miguel.martinez@gmail.com
Miguel,Perez,Hispanic,Miguel Perez,Male,miguel.perez@gmail.com
Miguel,Ramirez,Hispanic,Miguel Ramirez,Male,miguel.ramirez@gmail.com
Miguel,Rodriguez,Hispanic,Miguel Rodriguez,Male,miguel.rodriguez@gmail.com
Miguel,Sanchez,Hispanic,Miguel Sanchez,Male,miguel.sanchez@gmail.com
Miguel,Torres,Hispanic,Miguel Torres,Male,miguel.torres@gmail.com
Salvador,Garcia,Hispanic,Salvador Garcia,Male,salvador.garcia@gmail.com
Salvador,Gonzalez,Hispanic,Salvador Gonzalez,Male,salvador.gonzalez@gmail.com
Salvador,Hernandez,Hispanic,Salvador Hernandez,Male,salvador.hernandez@gmail.com
Salvador,Lopez,Hispanic,Salvador Lopez,Male,salvador.lopez@gmail.com
Salvador,Martinez,Hispanic,Salvador Martinez,Male,salvador.martinez@gmail.com
Salvador,Perez,Hispanic,Salvador Perez,Male,salvador.perez@gmail.com
Salvador,Ramirez,Hispanic,Salvador Ramirez,Male,salvador.ramirez@gmail.com
Salvador,Rodriguez,Hispanic,Salvador Rodriguez,Male,salvador.rodriguez@gmail.com
Salvador,Sanchez,Hispanic,Salvador Sanchez,Male,salvador.sanchez@gmail.com
Salvador,Torres,Hispanic,Salvador Torres,Male,salvador.torres@gmail.com
David,Hansen,White American,David Hansen,Male,david.hansen@gmail.com
David,Hoffman,White American,David Hoffman,Male,david.hoffman@gmail.com
David,Johnston,White American,David Johnston,Male,david.johnston@gmail.com
David,Larson,White American,David Larson,Male,david.larson@gmail.com
David,Meyer,White American,David Meyer,Male,david.meyer@gmail.com
David,Olson,White American,David Olson,Male,david.olson@gmail.com
David,Ryan,White American,David Ryan,Male,david.ryan@gmail.com
David,Schmidt,White American,David Schmidt,Male,david.schmidt@gmail.com
David,Snyder,White American,David Snyder,Male,david.snyder@gmail.com
David,Wagner,White American,David Wagner,Male,david.wagner@gmail.com
James,Hansen,White American,James Hansen,Male,james.hansen@gmail.com
James,Hoffman,White American,James Hoffman,Male,james.hoffman@gmail.com
James,Johnston,White American,James Johnston,Male,james.johnston@gmail.com
James,Larson,White American,James Larson,Male,james.larson@gmail.com
James,Meyer,White American,James Meyer,Male,james.meyer@gmail.com
James,Olson,White American,James Olson,Male,james.olson@gmail.com
James,Ryan,White American,James Ryan,Male,james.ryan@gmail.com
James,Schmidt,White American,James Schmidt,Male,james.schmidt@gmail.com
James,Snyder,White American,James Snyder,Male,james.snyder@gmail.com
James,Wagner,White American,James Wagner,Male,james.wagner@gmail.com
John,Hansen,White American,John Hansen,Male,john.hansen@gmail.com
John,Hoffman,White American,John Hoffman,Male,john.hoffman@gmail.com
John,Johnston,White American,John Johnston,Male,john.johnston@gmail.com
John,Larson,White American,John Larson,Male,john.larson@gmail.com
John,Meyer,White American,John Meyer,Male,john.meyer@gmail.com
John,Olson,White American,John Olson,Male,john.olson@gmail.com
John,Ryan,White American,John Ryan,Male,john.ryan@gmail.com
John,Schmidt,White American,John Schmidt,Male,john.schmidt@gmail.com
John,Snyder,White American,John Snyder,Male,john.snyder@gmail.com
John,Wagner,White American,John Wagner,Male,john.wagner@gmail.com
Mark,Hansen,White American,Mark Hansen,Male,mark.hansen@gmail.com
Mark,Hoffman,White American,Mark Hoffman,Male,mark.hoffman@gmail.com
Mark,Johnston,White American,Mark Johnston,Male,mark.johnston@gmail.com
Mark,Larson,White American,Mark Larson,Male,mark.larson@gmail.com
Mark,Meyer,White American,Mark Meyer,Male,mark.meyer@gmail.com
Mark,Olson,White American,Mark Olson,Male,mark.olson@gmail.com
Mark,Ryan,White American,Mark Ryan,Male,mark.ryan@gmail.com
Mark,Schmidt,White American,Mark Schmidt,Male,mark.schmidt@gmail.com
Mark,Snyder,White American,Mark Snyder,Male,mark.snyder@gmail.com
Mark,Wagner,White American,Mark Wagner,Male,mark.wagner@gmail.com
Mary,Hansen,White American,Mary Hansen,Female,mary.hansen@gmail.com
Mary,Hoffman,White American,Mary Hoffman,Female,mary.hoffman@gmail.com
Mary,Johnston,White American,Mary Johnston,Female,mary.johnston@gmail.com
Mary,Larson,White American,Mary Larson,Female,mary.larson@gmail.com
Mary,Meyer,White American,Mary Meyer,Female,mary.meyer@gmail.com
Mary,Olson,White American,Mary Olson,Female,mary.olson@gmail.com
Mary,Ryan,White American,Mary Ryan,Female,mary.ryan@gmail.com
Mary,Schmidt,White American,Mary Schmidt,Female,mary.schmidt@gmail.com
Mary,Snyder,White American,Mary Snyder,Female,mary.snyder@gmail.com
Mary,Wagner,White American,Mary Wagner,Female,mary.wagner@gmail.com
Michael,Hansen,White American,Michael Hansen,Male,michael.hansen@gmail.com
Michael,Hoffman,White American,Michael Hoffman,Male,michael.hoffman@gmail.com
Michael,Johnston,White American,Michael Johnston,Male,michael.johnston@gmail.com
Michael,Larson,White American,Michael Larson,Male,michael.larson@gmail.com
Michael,Meyer,White American,Michael Meyer,Male,michael.meyer@gmail.com
Michael,Olson,White American,Michael Olson,Male,michael.olson@gmail.com
Michael,Ryan,White American,Michael Ryan,Male,michael.ryan@gmail.com
Michael,Schmidt,White American,Michael Schmidt,Male,michael.schmidt@gmail.com
Michael,Snyder,White American,Michael Snyder,Male,michael.snyder@gmail.com
Michael,Wagner,White American,Michael Wagner,Male,michael.wagner@gmail.com
Richard,Hansen,White American,Richard Hansen,Male,richard.hansen@gmail.com
Richard,Hoffman,White American,Richard Hoffman,Male,richard.hoffman@gmail.com
Richard,Johnston,White American,Richard Johnston,Male,richard.johnston@gmail.com
Richard,Larson,White American,Richard Larson,Male,richard.larson@gmail.com
Richard,Meyer,White American,Richard Meyer,Male,richard.meyer@gmail.com
Richard,Olson,White American,Richard Olson,Male,richard.olson@gmail.com
Richard,Ryan,White American,Richard Ryan,Male,richard.ryan@gmail.com
Richard,Schmidt,White American,Richard Schmidt,Male,richard.schmidt@gmail.com
Richard,Snyder,White American,Richard Snyder,Male,richard.snyder@gmail.com
Richard,Wagner,White American,Richard Wagner,Male,richard.wagner@gmail.com
Robert,Hansen,White American,Robert Hansen,Male,robert.hansen@gmail.com
Robert,Hoffman,White American,Robert Hoffman,Male,robert.hoffman@gmail.com
Robert,Johnston,White American,Robert Johnston,Male,robert.johnston@gmail.com
Robert,Larson,White American,Robert Larson,Male,robert.larson@gmail.com
Robert,Meyer,White American,Robert Meyer,Male,robert.meyer@gmail.com
Robert,Olson,White American,Robert Olson,Male,robert.olson@gmail.com
Robert,Ryan,White American,Robert Ryan,Male,robert.ryan@gmail.com
Robert,Schmidt,White American,Robert Schmidt,Male,robert.schmidt@gmail.com
Robert,Snyder,White American,Robert Snyder,Male,robert.snyder@gmail.com
Robert,Wagner,White American,Robert Wagner,Male,robert.wagner@gmail.com
Thomas,Hansen,White American,Thomas Hansen,Male,thomas.hansen@gmail.com
Thomas,Hoffman,White American,Thomas Hoffman,Male,thomas.hoffman@gmail.com
Thomas,Johnston,White American,Thomas Johnston,Male,thomas.johnston@gmail.com
Thomas,Larson,White American,Thomas Larson,Male,thomas.larson@gmail.com
Thomas,Meyer,White American,Thomas Meyer,Male,thomas.meyer@gmail.com
Thomas,Olson,White American,Thomas Olson,Male,thomas.olson@gmail.com
Thomas,Ryan,White American,Thomas Ryan,Male,thomas.ryan@gmail.com
Thomas,Schmidt,White American,Thomas Schmidt,Male,thomas.schmidt@gmail.com
Thomas,Snyder,White American,Thomas Snyder,Male,thomas.snyder@gmail.com
Thomas,Wagner,White American,Thomas Wagner,Male,thomas.wagner@gmail.com
William,Hansen,White American,William Hansen,Male,william.hansen@gmail.com
William,Hoffman,White American,William Hoffman,Male,william.hoffman@gmail.com
William,Johnston,White American,William Johnston,Male,william.johnston@gmail.com
William,Larson,White American,William Larson,Male,william.larson@gmail.com
William,Meyer,White American,William Meyer,Male,william.meyer@gmail.com
William,Olson,White American,William Olson,Male,william.olson@gmail.com
William,Ryan,White American,William Ryan,Male,william.ryan@gmail.com
William,Schmidt,White American,William Schmidt,Male,william.schmidt@gmail.com
William,Snyder,White American,William Snyder,Male,william.snyder@gmail.com
William,Wagner,White American,William Wagner,Male,william.wagner@gmail.com
Abdullah,Alsheikh,Arab,Abdullah Alsheikh,Male,abdullah.alsheikh@gmail.com
Hassan,Alsheikh,Arab,Hassan Alsheikh,Male,hassan.alsheikh@gmail.com
Samira,Alsheikh,Arab,Samira Alsheikh,Female,samira.alsheikh@gmail.com
Amira,Alsheikh,Arab,Amira Alsheikh,Female,amira.alsheikh@gmail.com
Karima,Alsheikh,Arab,Karima Alsheikh,Female,karima.alsheikh@gmail.com
Norah,Alsheikh,Arab,Norah Alsheikh,Female,norah.alsheikh@gmail.com
Dounia,Alsheikh,Arab,Dounia Alsheikh,Female,dounia.alsheikh@gmail.com
Yassin,Alsheikh,Arab,Yassin Alsheikh,Male,yassin.alsheikh@gmail.com
Youness,Alsheikh,Arab,Youness Alsheikh,Male,youness.alsheikh@gmail.com
Abdullah,Ben Aïssa,Arab,Abdullah Ben Aïssa,Male,abdullah.benaissa@gmail.com
Hassan,Ben Aïssa,Arab,Hassan Ben Aïssa,Male,hassan.benaissa@gmail.com
Samira,Ben Aïssa,Arab,Samira Ben Aïssa,Female,samira.benaissa@gmail.com
Amira,Ben Aïssa,Arab,Amira Ben Aïssa,Female,amira.benaissa@gmail.com
Karima,Ben Aïssa,Arab,Karima Ben Aïssa,Female,karima.benaissa@gmail.com
Norah,Ben Aïssa,Arab,Norah Ben Aïssa,Female,norah.benaissa@gmail.com
Dounia,Ben Aïssa,Arab,Dounia Ben Aïssa,Female,dounia.benaissa@gmail.com
Yassin,Ben Aïssa,Arab,Yassin Ben Aïssa,Male,yassin.benaissa@gmail.com
Youness,Ben Aïssa,Arab,Youness Ben Aïssa,Male,youness.benaissa@gmail.com
Abdullah,El Battaoui,Arab,Abdullah El Battaoui,Male,abdullah.elbattaoui@gmail.com
Hassan,El Battaoui,Arab,Hassan El Battaoui,Male,hassan.elbattaoui@gmail.com
Samira,El Battaoui,Arab,Samira El Battaoui,Female,samira.elbattaoui@gmail.com
Amira,El Battaoui,Arab,Amira El Battaoui,Female,amira.elbattaoui@gmail.com
Karima,El Battaoui,Arab,Karima El Battaoui,Female,karima.elbattaoui@gmail.com
Norah,El Battaoui,Arab,Norah El Battaoui,Female,norah.elbattaoui@gmail.com
Dounia,El Battaoui,Arab,Dounia El Battaoui,Female,dounia.elbattaoui@gmail.com
Yassin,El Battaoui,Arab,Yassin El Battaoui,Male,yassin.elbattaoui@gmail.com
Youness,El Battaoui,Arab,Youness El Battaoui,Male,youness.elbattaoui@gmail.com
Abdullah,El Bazioui,Arab,Abdullah El Bazioui,Male,abdullah.elbazioui@gmail.com
Hassan,El Bazioui,Arab,Hassan El Bazioui,Male,hassan.elbazioui@gmail.com
Samira,El Bazioui,Arab,Samira El Bazioui,Female,samira.elbazioui@gmail.com
Amira,El Bazioui,Arab,Amira El Bazioui,Female,amira.elbazioui@gmail.com
Karima,El Bazioui,Arab,Karima El Bazioui,Female,karima.elbazioui@gmail.com
Norah,El Bazioui,Arab,Norah El Bazioui,Female,norah.elbazioui@gmail.com
Dounia,El Bazioui,Arab,Dounia El Bazioui,Female,dounia.elbazioui@gmail.com
Yassin,El Bazioui,Arab,Yassin El Bazioui,Male,yassin.elbazioui@gmail.com
Youness,El Bazioui,Arab,Youness El Bazioui,Male,youness.elbazioui@gmail.com
Abdullah,El Majdoub,Arab,Abdullah El Majdoub,Male,abdullah.elmajdoub@gmail.com
Hassan,El Majdoub,Arab,Hassan El Majdoub,Male,hassan.elmajdoub@gmail.com
Samira,El Majdoub,Arab,Samira El Majdoub,Female,samira.elmajdoub@gmail.com
Amira,El Majdoub,Arab,Amira El Majdoub,Female,amira.elmajdoub@gmail.com
Karima,El Majdoub,Arab,Karima El Majdoub,Female,karima.elmajdoub@gmail.com
Norah,El Majdoub,Arab,Norah El Majdoub,Female,norah.elmajdoub@gmail.com
Dounia,El Majdoub,Arab,Dounia El Majdoub,Female,dounia.elmajdoub@gmail.com
Yassin,El Majdoub,Arab,Yassin El Majdoub,Male,yassin.elmajdoub@gmail.com
Youness,El Majdoub,Arab,Youness El Majdoub,Male,youness.elmajdoub@gmail.com
Abdullah,El Malahi,Arab,Abdullah El Malahi,Male,abdullah.elmalahi@gmail.com
Hassan,El Malahi,Arab,Hassan El Malahi,Male,hassan.elmalahi@gmail.com
Samira,El Malahi,Arab,Samira El Malahi,Female,samira.elmalahi@gmail.com
Amira,El Malahi,Arab,Amira El Malahi,Female,amira.elmalahi@gmail.com
Karima,El Malahi,Arab,Karima El Malahi,Female,karima.elmalahi@gmail.com
Norah,El Malahi,Arab,Norah El Malahi,Female,norah.elmalahi@gmail.com
Dounia,El Malahi,Arab,Dounia El Malahi,Female,dounia.elmalahi@gmail.com
Yassin,El Malahi,Arab,Yassin El Malahi,Male,yassin.elmalahi@gmail.com
Youness,El Malahi,Arab,Youness El Malahi,Male,youness.elmalahi@gmail.com
Abdullah,El Yahyaoui,Arab,Abdullah El Yahyaoui,Male,abdullah.elyahyaoui@gmail.com
Hassan,El Yahyaoui,Arab,Hassan El Yahyaoui,Male,hassan.elyahyaoui@gmail.com
Samira,El Yahyaoui,Arab,Samira El Yahyaoui,Female,samira.elyahyaoui@gmail.com
Amira,El Yahyaoui,Arab,Amira El Yahyaoui,Female,amira.elyahyaoui@gmail.com
Karima,El Yahyaoui,Arab,Karima El Yahyaoui,Female,karima.elyahyaoui@gmail.com
Norah,El Yahyaoui,Arab,Norah El Yahyaoui,Female,norah.elyahyaoui@gmail.com
Dounia,El Yahyaoui,Arab,Dounia El Yahyaoui,Female,dounia.elyahyaoui@gmail.com
Yassin,El Yahyaoui,Arab,Yassin El Yahyaoui,Male,yassin.elyahyaoui@gmail.com
Youness,El Yahyaoui,Arab,Youness El Yahyaoui,Male,youness.elyahyaoui@gmail.com
Abdullah,Fouad,Arab,Abdullah Fouad,Male,abdullah.fouad@gmail.com
Hassan,Fouad,Arab,Hassan Fouad,Male,hassan.fouad@gmail.com
Samira,Fouad,Arab,Samira Fouad,Female,samira.fouad@gmail.com
Amira,Fouad,Arab,Amira Fouad,Female,amira.fouad@gmail.com
Karima,Fouad,Arab,Karima Fouad,Female,karima.fouad@gmail.com
Norah,Fouad,Arab,Norah Fouad,Female,norah.fouad@gmail.com
Dounia,Fouad,Arab,Dounia Fouad,Female,dounia.fouad@gmail.com
Yassin,Fouad,Arab,Yassin Fouad,Male,yassin.fouad@gmail.com
Youness,Fouad,Arab,Youness Fouad,Male,youness.fouad@gmail.com
Abdullah,Malik,Arab,Abdullah Malik,Male,abdullah.malik@gmail.com
Hassan,Malik,Arab,Hassan Malik,Male,hassan.malik@gmail.com
Samira,Malik,Arab,Samira Malik,Female,samira.malik@gmail.com
Amira,Malik,Arab,Amira Malik,Female,amira.malik@gmail.com
Karima,Malik,Arab,Karima Malik,Female,karima.malik@gmail.com
Norah,Malik,Arab,Norah Malik,Female,norah.malik@gmail.com
Dounia,Malik,Arab,Dounia Malik,Female,dounia.malik@gmail.com
Yassin,Malik,Arab,Yassin Malik,Male,yassin.malik@gmail.com
Youness,Malik,Arab,Youness Malik,Male,youness.malik@gmail.com
Abdullah,Mohammed,Arab,Abdullah Mohammed,Male,abdullah.mohammed@gmail.com
Hassan,Mohammed,Arab,Hassan Mohammed,Male,hassan.mohammed@gmail.com
Samira,Mohammed,Arab,Samira Mohammed,Female,samira.mohammed@gmail.com
Amira,Mohammed,Arab,Amira Mohammed,Female,amira.mohammed@gmail.com
Karima,Mohammed,Arab,Karima Mohammed,Female,karima.mohammed@gmail.com
Norah,Mohammed,Arab,Norah Mohammed,Female,norah.mohammed@gmail.com
Dounia,Mohammed,Arab,Dounia Mohammed,Female,dounia.mohammed@gmail.com
Yassin,Mohammed,Arab,Yassin Mohammed,Male,yassin.mohammed@gmail.com
Youness,Mohammed,Arab,Youness Mohammed,Male,youness.mohammed@gmail.com
Suni,Chen,Asian,Suni Chen,Female,suni.chen@gmail.com
Meilung,Chen,Asian,Meilung Chen,Female,meilung.chen@gmail.com
Suni,Kim,Asian,Suni Kim,Female,suni.kim@gmail.com
Meilung,Kim,Asian,Meilung Kim,Female,meilung.kim@gmail.com
Suni,Le,Asian,Suni Le,Female,suni.le@gmail.com
Meilung,Le,Asian,Meilung Le,Female,meilung.le@gmail.com
Suni,Li,Asian,Suni Li,Female,suni.li@gmail.com
Meilung,Li,Asian,Meilung Li,Female,meilung.li@gmail.com
Suni,Nguyen,Asian,Suni Nguyen,Female,suni.nguyen@gmail.com
Meilung,Nguyen,Asian,Meilung Nguyen,Female,meilung.nguyen@gmail.com
Suni,Patel,Asian,Suni Patel,Female,suni.patel@gmail.com
Meilung,Patel,Asian,Meilung Patel,Female,meilung.patel@gmail.com
Suni,Pham,Asian,Suni Pham,Female,suni.pham@gmail.com
Meilung,Pham,Asian,Meilung Pham,Female,meilung.pham@gmail.com
Suni,Tran,Asian,Suni Tran,Female,suni.tran@gmail.com
Meilung,Tran,Asian,Meilung Tran,Female,meilung.tran@gmail.com
Suni,Wang,Asian,Suni Wang,Female,suni.wang@gmail.com
Meilung,Wang,Asian,Meilung Wang,Female,meilung.wang@gmail.com
Suni,Yang,Asian,Suni Yang,Female,suni.yang@gmail.com
Meilung,Yang,Asian,Meilung Yang,Female,meilung.yang@gmail.com
Tanguy,Mangala,Central African,Tanguy Mangala,Male,tanguy.mangala@gmail.com
Tanguy,Ndlandu,Central African,Tanguy Ndlandu,Male,tanguy.ndlandu@gmail.com
Tanguy,Moukoko,Central African,Tanguy Moukoko,Male,tanguy.moukoko@gmail.com
Tanguy,Bihsinga,Central African,Tanguy Bihsinga,Male,tanguy.bihsinga@gmail.com
Tanguy,Nsengiyumva,Central African,Tanguy Nsengiyumva,Male,tanguy.nsengiyumva@gmail.com
Tanguy,Tshimanga,Central African,Tanguy Tshimanga,Male,tanguy.tshimanga@gmail.com
Gaetan,Mangala,Central African,Gaetan Mangala,Male,gaetan.mangala@gmail.com
Gaetan,Ndlandu,Central African,Gaetan Ndlandu,Male,gaetan.ndlandu@gmail.com
Gaetan,Moukoko,Central African,Gaetan Moukoko,Male,gaetan.moukoko@gmail.com
Gaetan,Bihsinga,Central African,Gaetan Bihsinga,Male,gaetan.bihsinga@gmail.com
Gaetan,Nsengiyumva,Central African,Gaetan Nsengiyumva,Male,gaetan.nsengiyumva@gmail.com
Gaetan,Tshimanga,Central African,Gaetan Tshimanga,Male,gaetan.tshimanga@gmail.com
Idriss,Mangala,Central African,Idriss Mangala,Male,idriss.mangala@gmail.com
Idriss,Ndlandu,Central African,Idriss Ndlandu,Male,idriss.ndlandu@gmail.com
Idriss,Moukoko,Central African,Idriss Moukoko,Male,idriss.moukoko@gmail.com
Idriss,Bihsinga,Central African,Idriss Bihsinga,Male,idriss.bihsinga@gmail.com
Idriss,Nsengiyumva,Central African,Idriss Nsengiyumva,Male,idriss.nsengiyumva@gmail.com
Idriss,Tshimanga,Central African,Idriss Tshimanga,Male,idriss.tshimanga@gmail.com
Maeva,Mangala,Central African,Maeva Mangala,Female,maeva.mangala@gmail.com
Maeva,Ndlandu,Central African,Maeva Ndlandu,Female,maeva.ndlandu@gmail.com
Maeva,Moukoko,Central African,Maeva Moukoko,Female,maeva.moukoko@gmail.com
Maeva,Bihsinga,Central African,Maeva Bihsinga,Female,maeva.bihsinga@gmail.com
Maeva,Nsengiyumva,Central African,Maeva Nsengiyumva,Female,maeva.nsengiyumva@gmail.com
Maeva,Tshimanga,Central African,Maeva Tshimanga,Female,maeva.tshimanga@gmail.com
Wivine,Mangala,Central African,Wivine Mangala,Female,wivine.mangala@gmail.com
Wivine,Ndlandu,Central African,Wivine Ndlandu,Female,wivine.ndlandu@gmail.com
Wivine,Moukoko,Central African,Wivine Moukoko,Female,wivine.moukoko@gmail.com
Wivine,Bihsinga,Central African,Wivine Bihsinga,Female,wivine.bihsinga@gmail.com
Wivine,Nsengiyumva,Central African,Wivine Nsengiyumva,Female,wivine.nsengiyumva@gmail.com
Wivine,Tshimanga,Central African,Wivine Tshimanga,Female,wivine.tshimanga@gmail.com
Laetitia,Mangala,Central African,Laetitia Mangala,Female,laetitia.mangala@gmail.com
Laetitia,Ndlandu,Central African,Laetitia Ndlandu,Female,laetitia.ndlandu@gmail.com
Laetitia,Moukoko,Central African,Laetitia Moukoko,Female,laetitia.moukoko@gmail.com
Laetitia,Bihsinga,Central African,Laetitia Bihsinga,Female,laetitia.bihsinga@gmail.com
Laetitia,Nsengiyumva,Central African,Laetitia Nsengiyumva,Female,laetitia.nsengiyumva@gmail.com
Laetitia,Tshimanga,Central African,Laetitia Tshimanga,Female,laetitia.tshimanga@gmail.com
Gertjan,Matthyssens,Dutch,Gertjan Matthyssens,Male,gertjan.matthyssens@gmail.com
Martijn,Matthyssens,Dutch,Martijn Matthyssens,Male,martijn.matthyssens@gmail.com
Joachim,Matthyssens,Dutch,Joachim Matthyssens,Male,joachim.matthyssens@gmail.com
Ineke,Matthyssens,Dutch,Ineke Matthyssens,Female,ineke.matthyssens@gmail.com
Katleen,Matthyssens,Dutch,Katleen Matthyssens,Female,katleen.matthyssens@gmail.com
Annelore,Matthyssens,Dutch,Annelore Matthyssens,Female,annelore.matthyssens@gmail.com
David,Matthyssens,Dutch,David Matthyssens,Male,david.matthyssens@gmail.com
Bert,Matthyssens,Dutch,Bert Matthyssens,Male,bert.matthyssens@gmail.com
Thomas,Matthyssens,Dutch,Thomas Matthyssens,Male,thomas.matthyssens@gmail.com
Evi,Matthyssens,Dutch,Evi Matthyssens,Female,evi.matthyssens@gmail.com
Eva,Matthyssens,Dutch,Eva Matthyssens,Female,eva.matthyssens@gmail.com
Valerie,Matthyssens,Dutch,Valerie Matthyssens,Female,valerie.matthyssens@gmail.com
Gertjan,Hendrickx,Dutch,Gertjan Hendrickx,Male,gertjan.hendrickx@gmail.com
Martijn,Hendrickx,Dutch,Martijn Hendrickx,Male,martijn.hendrickx@gmail.com
Joachim,Hendrickx,Dutch,Joachim Hendrickx,Male,joachim.hendrickx@gmail.com
Ineke,Hendrickx,Dutch,Ineke Hendrickx,Female,ineke.hendrickx@gmail.com
Katleen,Hendrickx,Dutch,Katleen Hendrickx,Female,katleen.hendrickx@gmail.com
Annelore,Hendrickx,Dutch,Annelore Hendrickx,Female,annelore.hendrickx@gmail.com
David,Hendrickx,Dutch,David Hendrickx,Male,david.hendrickx@gmail.com
Bert,Hendrickx,Dutch,Bert Hendrickx,Male,bert.hendrickx@gmail.com
Thomas,Hendrickx,Dutch,Thomas Hendrickx,Male,thomas.hendrickx@gmail.com
Evi,Hendrickx,Dutch,Evi Hendrickx,Female,evi.hendrickx@gmail.com
Eva,Hendrickx,Dutch,Eva Hendrickx,Female,eva.hendrickx@gmail.com
Valerie,Hendrickx,Dutch,Valerie Hendrickx,Female,valerie.hendrickx@gmail.com
Gertjan,Lenaerts,Dutch,Gertjan Lenaerts,Male,gertjan.lenaerts@gmail.com
Martijn,Lenaerts,Dutch,Martijn Lenaerts,Male,martijn.lenaerts@gmail.com
Joachim,Lenaerts,Dutch,Joachim Lenaerts,Male,joachim.lenaerts@gmail.com
Ineke,Lenaerts,Dutch,Ineke Lenaerts,Female,ineke.lenaerts@gmail.com
Katleen,Lenaerts,Dutch,Katleen Lenaerts,Female,katleen.lenaerts@gmail.com
Annelore,Lenaerts,Dutch,Annelore Lenaerts,Female,annelore.lenaerts@gmail.com
David,Lenaerts,Dutch,David Lenaerts,Male,david.lenaerts@gmail.com
Bert,Lenaerts,Dutch,Bert Lenaerts,Male,bert.lenaerts@gmail.com
Thomas,Lenaerts,Dutch,Thomas Lenaerts,Male,thomas.lenaerts@gmail.com
Evi,Lenaerts,Dutch,Evi Lenaerts,Female,evi.lenaerts@gmail.com
Eva,Lenaerts,Dutch,Eva Lenaerts,Female,eva.lenaerts@gmail.com
Valerie,Lenaerts,Dutch,Valerie Lenaerts,Female,valerie.lenaerts@gmail.com
Gertjan,Vermeiren,Dutch,Gertjan Vermeiren,Male,gertjan.vermeiren@gmail.com
Martijn,Vermeiren,Dutch,Martijn Vermeiren,Male,martijn.vermeiren@gmail.com
Joachim,Vermeiren,Dutch,Joachim Vermeiren,Male,joachim.vermeiren@gmail.com
Ineke,Vermeiren,Dutch,Ineke Vermeiren,Female,ineke.vermeiren@gmail.com
Katleen,Vermeiren,Dutch,Katleen Vermeiren,Female,katleen.vermeiren@gmail.com
Annelore,Vermeiren,Dutch,Annelore Vermeiren,Female,annelore.vermeiren@gmail.com
David,Vermeiren,Dutch,David Vermeiren,Male,david.vermeiren@gmail.com
Bert,Vermeiren,Dutch,Bert Vermeiren,Male,bert.vermeiren@gmail.com
Thomas,Vermeiren,Dutch,Thomas Vermeiren,Male,thomas.vermeiren@gmail.com
Evi,Vermeiren,Dutch,Evi Vermeiren,Female,evi.vermeiren@gmail.com
Eva,Vermeiren,Dutch,Eva Vermeiren,Female,eva.vermeiren@gmail.com
Valerie,Vermeiren,Dutch,Valerie Vermeiren,Female,valerie.vermeiren@gmail.com
Gertjan,Verhoeven,Dutch,Gertjan Verhoeven,Male,gertjan.verhoeven@gmail.com
Martijn,Verhoeven,Dutch,Martijn Verhoeven,Male,martijn.verhoeven@gmail.com
Joachim,Verhoeven,Dutch,Joachim Verhoeven,Male,joachim.verhoeven@gmail.com
Ineke,Verhoeven,Dutch,Ineke Verhoeven,Female,ineke.verhoeven@gmail.com
Katleen,Verhoeven,Dutch,Katleen Verhoeven,Female,katleen.verhoeven@gmail.com
Annelore,Verhoeven,Dutch,Annelore Verhoeven,Female,annelore.verhoeven@gmail.com
David,Verhoeven,Dutch,David Verhoeven,Male,david.verhoeven@gmail.com
Bert,Verhoeven,Dutch,Bert Verhoeven,Male,bert.verhoeven@gmail.com
Thomas,Verhoeven,Dutch,Thomas Verhoeven,Male,thomas.verhoeven@gmail.com
Evi,Verhoeven,Dutch,Evi Verhoeven,Female,evi.verhoeven@gmail.com
Eva,Verhoeven,Dutch,Eva Verhoeven,Female,eva.verhoeven@gmail.com
Valerie,Verhoeven,Dutch,Valerie Verhoeven,Female,valerie.verhoeven@gmail.com
Gertjan,Vermeulen,Dutch,Gertjan Vermeulen,Male,gertjan.vermeulen@gmail.com
Martijn,Vermeulen,Dutch,Martijn Vermeulen,Male,martijn.vermeulen@gmail.com
Joachim,Vermeulen,Dutch,Joachim Vermeulen,Male,joachim.vermeulen@gmail.com
Ineke,Vermeulen,Dutch,Ineke Vermeulen,Female,ineke.vermeulen@gmail.com
Katleen,Vermeulen,Dutch,Katleen Vermeulen,Female,katleen.vermeulen@gmail.com
Annelore,Vermeulen,Dutch,Annelore Vermeulen,Female,annelore.vermeulen@gmail.com
David,Vermeulen,Dutch,David Vermeulen,Male,david.vermeulen@gmail.com
Bert,Vermeulen,Dutch,Bert Vermeulen,Male,bert.vermeulen@gmail.com
Thomas,Vermeulen,Dutch,Thomas Vermeulen,Male,thomas.vermeulen@gmail.com
Evi,Vermeulen,Dutch,Evi Vermeulen,Female,evi.vermeulen@gmail.com
Eva,Vermeulen,Dutch,Eva Vermeulen,Female,eva.vermeulen@gmail.com
Valerie,Vermeulen,Dutch,Valerie Vermeulen,Female,valerie.vermeulen@gmail.com
Gertjan,Goossens,Dutch,Gertjan Goossens,Male,gertjan.goossens@gmail.com
Martijn,Goossens,Dutch,Martijn Goossens,Male,martijn.goossens@gmail.com
Joachim,Goossens,Dutch,Joachim Goossens,Male,joachim.goossens@gmail.com
Ineke,Goossens,Dutch,Ineke Goossens,Female,ineke.goossens@gmail.com
Katleen,Goossens,Dutch,Katleen Goossens,Female,katleen.goossens@gmail.com
Annelore,Goossens,Dutch,Annelore Goossens,Female,annelore.goossens@gmail.com
David,Goossens,Dutch,David Goossens,Male,david.goossens@gmail.com
Bert,Goossens,Dutch,Bert Goossens,Male,bert.goossens@gmail.com
Thomas,Goossens,Dutch,Thomas Goossens,Male,thomas.goossens@gmail.com
Evi,Goossens,Dutch,Evi Goossens,Female,evi.goossens@gmail.com
Eva,Goossens,Dutch,Eva Goossens,Female,eva.goossens@gmail.com
Valerie,Goossens,Dutch,Valerie Goossens,Female,valerie.goossens@gmail.com
Gertjan,Janssens,Dutch,Gertjan Janssens,Male,gertjan.janssens@gmail.com
Martijn,Janssens,Dutch,Martijn Janssens,Male,martijn.janssens@gmail.com
Joachim,Janssens,Dutch,Joachim Janssens,Male,joachim.janssens@gmail.com
Ineke,Janssens,Dutch,Ineke Janssens,Female,ineke.janssens@gmail.com
Katleen,Janssens,Dutch,Katleen Janssens,Female,katleen.janssens@gmail.com
Annelore,Janssens,Dutch,Annelore Janssens,Female,annelore.janssens@gmail.com
David,Janssens,Dutch,David Janssens,Male,david.janssens@gmail.com
Bert,Janssens,Dutch,Bert Janssens,Male,bert.janssens@gmail.com
Thomas,Janssens,Dutch,Thomas Janssens,Male,thomas.janssens@gmail.com
Evi,Janssens,Dutch,Evi Janssens,Female,evi.janssens@gmail.com
Eva,Janssens,Dutch,Eva Janssens,Female,eva.janssens@gmail.com
Valerie,Janssens,Dutch,Valerie Janssens,Female,valerie.janssens@gmail.com
Gertjan,Segers,Dutch,Gertjan Segers,Male,gertjan.segers@gmail.com
Martijn,Segers,Dutch,Martijn Segers,Male,martijn.segers@gmail.com
Joachim,Segers,Dutch,Joachim Segers,Male,joachim.segers@gmail.com
Ineke,Segers,Dutch,Ineke Segers,Female,ineke.segers@gmail.com
Katleen,Segers,Dutch,Katleen Segers,Female,katleen.segers@gmail.com
Annelore,Segers,Dutch,Annelore Segers,Female,annelore.segers@gmail.com
David,Segers,Dutch,David Segers,Male,david.segers@gmail.com
Bert,Segers,Dutch,Bert Segers,Male,bert.segers@gmail.com
Thomas,Segers,Dutch,Thomas Segers,Male,thomas.segers@gmail.com
Evi,Segers,Dutch,Evi Segers,Female,evi.segers@gmail.com
Eva,Segers,Dutch,Eva Segers,Female,eva.segers@gmail.com
Valerie,Segers,Dutch,Valerie Segers,Female,valerie.segers@gmail.com
Gertjan,Devos,Dutch,Gertjan Devos,Male,gertjan.devos@gmail.com
Martijn,Devos,Dutch,Martijn Devos,Male,martijn.devos@gmail.com
Joachim,Devos,Dutch,Joachim Devos,Male,joachim.devos@gmail.com
Ineke,Devos,Dutch,Ineke Devos,Female,ineke.devos@gmail.com
Katleen,Devos,Dutch,Katleen Devos,Female,katleen.devos@gmail.com
Annelore,Devos,Dutch,Annelore Devos,Female,annelore.devos@gmail.com
David,Devos,Dutch,David Devos,Male,david.devos@gmail.com
Bert,Devos,Dutch,Bert Devos,Male,bert.devos@gmail.com
Thomas,Devos,Dutch,Thomas Devos,Male,thomas.devos@gmail.com
Evi,Devos,Dutch,Evi Devos,Female,evi.devos@gmail.com
Eva,Devos,Dutch,Eva Devos,Female,eva.devos@gmail.com
Valerie,Devos,Dutch,Valerie Devos,Female,valerie.devos@gmail.com
Tomasz,Sobków,Eastern European,Tomasz Sobków,Male,tomasz.sobkow@gmail.com
Tomasz,Wieczorek,Eastern European,Tomasz Wieczorek,Male,tomasz.wieczorek@gmail.com
Tomasz,Woźniak,Eastern European,Tomasz Woźniak,Male,tomasz.wozniak@gmail.com
Tomasz,Pawlak,Eastern European,Tomasz Pawlak,Male,tomasz.pawlak@gmail.com
Tomasz,Kwiecińska,Eastern European,Tomasz Kwiecińska,Male,tomasz.kwiecinska@gmail.com
Tomasz,Piotrowska,Eastern European,Tomasz Piotrowska,Male,tomasz.piotrowska@gmail.com
Lukasz,Sobków,Eastern European,Lukasz Sobków,Male,lukasz.sobkow@gmail.com
Lukasz,Wieczorek,Eastern European,Lukasz Wieczorek,Male,lukasz.wieczorek@gmail.com
Lukasz,Woźniak,Eastern European,Lukasz Woźniak,Male,lukasz.wozniak@gmail.com
Lukasz,Pawlak,Eastern European,Lukasz Pawlak,Male,lukasz.pawlak@gmail.com
Lukasz,Kwiecińska,Eastern European,Lukasz Kwiecińska,Male,lukasz.kwiecinska@gmail.com
Lukasz,Piotrowska,Eastern European,Lukasz Piotrowska,Male,lukasz.piotrowska@gmail.com
Wiktor,Sobków,Eastern European,Wiktor Sobków,Male,wiktor.sobkow@gmail.com
Wiktor,Wieczorek,Eastern European,Wiktor Wieczorek,Male,wiktor.wieczorek@gmail.com
Wiktor,Woźniak,Eastern European,Wiktor Woźniak,Male,wiktor.wozniak@gmail.com
Wiktor,Pawlak,Eastern European,Wiktor Pawlak,Male,wiktor.pawlak@gmail.com
Wiktor,Kwiecińska,Eastern European,Wiktor Kwiecińska,Male,wiktor.kwiecinska@gmail.com
Wiktor,Piotrowska,Eastern European,Wiktor Piotrowska,Male,wiktor.piotrowska@gmail.com
Gabriela,Sobków,Eastern European,Gabriela Sobków,Female,gabriela.sobkow@gmail.com
Gabriela,Wieczorek,Eastern European,Gabriela Wieczorek,Female,gabriela.wieczorek@gmail.com
Gabriela,Woźniak,Eastern European,Gabriela Woźniak,Female,gabriela.wozniak@gmail.com
Gabriela,Pawlak,Eastern European,Gabriela Pawlak,Female,gabriela.pawlak@gmail.com
Gabriela,Kwiecińska,Eastern European,Gabriela Kwiecińska,Female,gabriela.kwiecinska@gmail.com
Gabriela,Piotrowska,Eastern European,Gabriela Piotrowska,Female,gabriela.piotrowska@gmail.com
Teresa,Sobków,Eastern European,Teresa Sobków,Female,teresa.sobkow@gmail.com
Teresa,Wieczorek,Eastern European,Teresa Wieczorek,Female,teresa.wieczorek@gmail.com
Teresa,Woźniak,Eastern European,Teresa Woźniak,Female,teresa.wozniak@gmail.com
Teresa,Pawlak,Eastern European,Teresa Pawlak,Female,teresa.pawlak@gmail.com
Teresa,Kwiecińska,Eastern European,Teresa Kwiecińska,Female,teresa.kwiecinska@gmail.com
Teresa,Piotrowska,Eastern European,Teresa Piotrowska,Female,teresa.piotrowska@gmail.com
Magda,Sobków,Eastern European,Magda Sobków,Female,magda.sobkow@gmail.com
Magda,Wieczorek,Eastern European,Magda Wieczorek,Female,magda.wieczorek@gmail.com
Magda,Woźniak,Eastern European,Magda Woźniak,Female,magda.wozniak@gmail.com
Magda,Pawlak,Eastern European,Magda Pawlak,Female,magda.pawlak@gmail.com
Magda,Kwiecińska,Eastern European,Magda Kwiecińska,Female,magda.kwiecinska@gmail.com
Magda,Piotrowska,Eastern European,Magda Piotrowska,Female,magda.piotrowska@gmail.com
Alejandra,Gonzalez,Hispanic,Alejandra Gonzalez,Female,alejandra.gonzalez@gmail.com
Alejandra,Hernandez,Hispanic,Alejandra Hernandez,Female,alejandra.hernandez@gmail.com
Alejandra,Garcia,Hispanic,Alejandra Garcia,Female,alejandra.garcia@gmail.com
Alejandra,Lopez,Hispanic,Alejandra Lopez,Female,alejandra.lopez@gmail.com
Alejandra,Martinez,Hispanic,Alejandra Martinez,Female,alejandra.martinez@gmail.com
Alejandra,Perez,Hispanic,Alejandra Perez,Female,alejandra.perez@gmail.com
Alejandra,Ramirez,Hispanic,Alejandra Ramirez,Female,alejandra.ramirez@gmail.com
Alejandra,Rodriguez,Hispanic,Alejandra Rodriguez,Female,alejandra.rodriguez@gmail.com
Alejandra,Sanchez,Hispanic,Alejandra Sanchez,Female,alejandra.sanchez@gmail.com
Alejandra,Torres,Hispanic,Alejandra Torres,Female,alejandra.torres@gmail.com
Esmeralda,Gonzalez,Hispanic,Esmeralda Gonzalez,Female,esmeralda.gonzalez@gmail.com
Esmeralda,Hernandez,Hispanic,Esmeralda Hernandez,Female,esmeralda.hernandez@gmail.com
Esmeralda,Garcia,Hispanic,Esmeralda Garcia,Female,esmeralda.garcia@gmail.com
Esmeralda,Lopez,Hispanic,Esmeralda Lopez,Female,esmeralda.lopez@gmail.com
Esmeralda,Martinez,Hispanic,Esmeralda Martinez,Female,esmeralda.martinez@gmail.com
Esmeralda,Perez,Hispanic,Esmeralda Perez,Female,esmeralda.perez@gmail.com
Esmeralda,Ramirez,Hispanic,Esmeralda Ramirez,Female,esmeralda.ramirez@gmail.com
Esmeralda,Rodriguez,Hispanic,Esmeralda Rodriguez,Female,esmeralda.rodriguez@gmail.com
Esmeralda,Sanchez,Hispanic,Esmeralda Sanchez,Female,esmeralda.sanchez@gmail.com
Esmeralda,Torres,Hispanic,Esmeralda Torres,Female,esmeralda.torres@gmail.com
Isabella,Gonzalez,Hispanic,Isabella Gonzalez,Female,isabella.gonzalez@gmail.com
Isabella,Hernandez,Hispanic,Isabella Hernandez,Female,isabella.hernandez@gmail.com
Isabella,Garcia,Hispanic,Isabella Garcia,Female,isabella.garcia@gmail.com
Isabella,Lopez,Hispanic,Isabella Lopez,Female,isabella.lopez@gmail.com
Isabella,Martinez,Hispanic,Isabella Martinez,Female,isabella.martinez@gmail.com
Isabella,Perez,Hispanic,Isabella Perez,Female,isabella.perez@gmail.com
Isabella,Ramirez,Hispanic,Isabella Ramirez,Female,isabella.ramirez@gmail.com
Isabella,Rodriguez,Hispanic,Isabella Rodriguez,Female,isabella.rodriguez@gmail.com
Isabella,Sanchez,Hispanic,Isabella Sanchez,Female,isabella.sanchez@gmail.com
Isabella,Torres,Hispanic,Isabella Torres,Female,isabella.torres@gmail.com
Jimena,Gonzalez,Hispanic,Jimena Gonzalez,Female,jimena.gonzalez@gmail.com
Jimena,Hernandez,Hispanic,Jimena Hernandez,Female,jimena.hernandez@gmail.com
Jimena,Garcia,Hispanic,Jimena Garcia,Female,jimena.garcia@gmail.com
Jimena,Lopez,Hispanic,Jimena Lopez,Female,jimena.lopez@gmail.com
Jimena,Martinez,Hispanic,Jimena Martinez,Female,jimena.martinez@gmail.com
Jimena,Perez,Hispanic,Jimena Perez,Female,jimena.perez@gmail.com
Jimena,Ramirez,Hispanic,Jimena Ramirez,Female,jimena.ramirez@gmail.com
Jimena,Rodriguez,Hispanic,Jimena Rodriguez,Female,jimena.rodriguez@gmail.com
Jimena,Sanchez,Hispanic,Jimena Sanchez,Female,jimena.sanchez@gmail.com
Jimena,Torres,Hispanic,Jimena Torres,Female,jimena.torres@gmail.com
Mariana,Gonzalez,Hispanic,Mariana Gonzalez,Female,mariana.gonzalez@gmail.com
Mariana,Hernandez,Hispanic,Mariana Hernandez,Female,mariana.hernandez@gmail.com
Mariana,Garcia,Hispanic,Mariana Garcia,Female,mariana.garcia@gmail.com
Mariana,Lopez,Hispanic,Mariana Lopez,Female,mariana.lopez@gmail.com
Mariana,Martinez,Hispanic,Mariana Martinez,Female,mariana.martinez@gmail.com
Mariana,Perez,Hispanic,Mariana Perez,Female,mariana.perez@gmail.com
Mariana,Ramirez,Hispanic,Mariana Ramirez,Female,mariana.ramirez@gmail.com
Mariana,Rodriguez,Hispanic,Mariana Rodriguez,Female,mariana.rodriguez@gmail.com
Mariana,Sanchez,Hispanic,Mariana Sanchez,Female,mariana.sanchez@gmail.com
Mariana,Torres,Hispanic,Mariana Torres,Female,mariana.torres@gmail.com
Doruk,Özdemir,Turkish,Doruk Özdemir,Male,doruk.ozdemir@gmail.com
Yusuf,Özdemir,Turkish,Yusuf Özdemir,Male,yusuf.ozdemir@gmail.com
Doruk,Yüksel,Turkish,Doruk Yüksel,Male,doruk.yuksel@gmail.com
Yusuf,Yüksel,Turkish,Yusuf Yüksel,Male,yusuf.yuksel@gmail.com
Doruk,Öztürk,Turkish,Doruk Öztürk,Male,doruk.ozturk@gmail.com
Yusuf,Öztürk,Turkish,Yusuf Öztürk,Male,yusuf.ozturk@gmail.com
Meryem,Özdemir,Turkish,Meryem Özdemir,Female,meryem.ozdemir@gmail.com
Esma,Özdemir,Turkish,Esma Özdemir,Female,esma.ozdemir@gmail.com
Fatma,Özdemir,Turkish,Fatma Özdemir,Female,fatma.ozdemir@gmail.com
Meryem,Yüksel,Turkish,Meryem Yüksel,Female,meryem.yuksel@gmail.com
Esma,Yüksel,Turkish,Esma Yüksel,Female,esma.yuksel@gmail.com
Fatma,Yüksel,Turkish,Fatma Yüksel,Female,fatma.yuksel@gmail.com
Meryem,Öztürk,Turkish,Meryem Öztürk,Female,meryem.ozturk@gmail.com
Esma,Öztürk,Turkish,Esma Öztürk,Female,esma.ozturk@gmail.com
Fatma,Öztürk,Turkish,Fatma Öztürk,Female,fatma.ozturk@gmail.com
Meryem,Aydin,Turkish,Meryem Aydin,Female,meryem.aydin@gmail.com
Meryem,Sögütlü,Turkish,Meryem Sögütlü,Female,meryem.sogutlu@gmail.com
Meryem,Celiköz,Turkish,Meryem Celiköz,Female,meryem.celikoz@gmail.com
Esma,Aydin,Turkish,Esma Aydin,Female,esma.aydin@gmail.com
Esma,Sögütlü,Turkish,Esma Sögütlü,Female,esma.sogutlu@gmail.com
Esma,Celiköz,Turkish,Esma Celiköz,Female,esma.celikoz@gmail.com
Fatma,Aydin,Turkish,Fatma Aydin,Female,fatma.aydin@gmail.com
Fatma,Sögütlü,Turkish,Fatma Sögütlü,Female,fatma.sogutlu@gmail.com
Fatma,Celiköz,Turkish,Fatma Celiköz,Female,fatma.celikoz@gmail.com
Doruk,Aydin,Turkish,Doruk Aydin,Male,doruk.aydin@gmail.com
Doruk,Sögütlü,Turkish,Doruk Sögütlü,Male,doruk.sogutlu@gmail.com
Doruk,Celiköz,Turkish,Doruk Celiköz,Male,doruk.celikoz@gmail.com
Yusuf,Aydin,Turkish,Yusuf Aydin,Male,yusuf.aydin@gmail.com
Yusuf,Sögütlü,Turkish,Yusuf Sögütlü,Male,yusuf.sogutlu@gmail.com
Yusuf,Celiköz,Turkish,Yusuf Celiköz,Male,yusuf.celikoz@gmail.com
Sharon,Hansen,White American,Sharon Hansen,Female,sharon.hansen@gmail.com
Molly,Hansen,White American,Molly Hansen,Female,molly.hansen@gmail.com
Katie,Hansen,White American,Katie Hansen,Female,katie.hansen@gmail.com
Megan,Hansen,White American,Megan Hansen,Female,megan.hansen@gmail.com
Cara,Hansen,White American,Cara Hansen,Female,cara.hansen@gmail.com
Allison,Hansen,White American,Allison Hansen,Female,allison.hansen@gmail.com
Brooke,Hansen,White American,Brooke Hansen,Female,brooke.hansen@gmail.com
Meredith,Hansen,White American,Meredith Hansen,Female,meredith.hansen@gmail.com
Sharon,Hoffman,White American,Sharon Hoffman,Female,sharon.hoffman@gmail.com
Molly,Hoffman,White American,Molly Hoffman,Female,molly.hoffman@gmail.com
Katie,Hoffman,White American,Katie Hoffman,Female,katie.hoffman@gmail.com
Megan,Hoffman,White American,Megan Hoffman,Female,megan.hoffman@gmail.com
Cara,Hoffman,White American,Cara Hoffman,Female,cara.hoffman@gmail.com
Allison,Hoffman,White American,Allison Hoffman,Female,allison.hoffman@gmail.com
Brooke,Hoffman,White American,Brooke Hoffman,Female,brooke.hoffman@gmail.com
Meredith,Hoffman,White American,Meredith Hoffman,Female,meredith.hoffman@gmail.com
Sharon,Johnston,White American,Sharon Johnston,Female,sharon.johnston@gmail.com
Molly,Johnston,White American,Molly Johnston,Female,molly.johnston@gmail.com
Katie,Johnston,White American,Katie Johnston,Female,katie.johnston@gmail.com
Megan,Johnston,White American,Megan Johnston,Female,megan.johnston@gmail.com
Cara,Johnston,White American,Cara Johnston,Female,cara.johnston@gmail.com
Allison,Johnston,White American,Allison Johnston,Female,allison.johnston@gmail.com
Brooke,Johnston,White American,Brooke Johnston,Female,brooke.johnston@gmail.com
Meredith,Johnston,White American,Meredith Johnston,Female,meredith.johnston@gmail.com
Sharon,Larson,White American,Sharon Larson,Female,sharon.larson@gmail.com
Molly,Larson,White American,Molly Larson,Female,molly.larson@gmail.com
Katie,Larson,White American,Katie Larson,Female,katie.larson@gmail.com
Megan,Larson,White American,Megan Larson,Female,megan.larson@gmail.com
Cara,Larson,White American,Cara Larson,Female,cara.larson@gmail.com
Allison,Larson,White American,Allison Larson,Female,allison.larson@gmail.com
Brooke,Larson,White American,Brooke Larson,Female,brooke.larson@gmail.com
Meredith,Larson,White American,Meredith Larson,Female,meredith.larson@gmail.com
Sharon,Meyer,White American,Sharon Meyer,Female,sharon.meyer@gmail.com
Molly,Meyer,White American,Molly Meyer,Female,molly.meyer@gmail.com
Katie,Meyer,White American,Katie Meyer,Female,katie.meyer@gmail.com
Megan,Meyer,White American,Megan Meyer,Female,megan.meyer@gmail.com
Cara,Meyer,White American,Cara Meyer,Female,cara.meyer@gmail.com
Allison,Meyer,White American,Allison Meyer,Female,allison.meyer@gmail.com
Brooke,Meyer,White American,Brooke Meyer,Female,brooke.meyer@gmail.com
Meredith,Meyer,White American,Meredith Meyer,Female,meredith.meyer@gmail.com
Sharon,Olson,White American,Sharon Olson,Female,sharon.olson@gmail.com
Molly,Olson,White American,Molly Olson,Female,molly.olson@gmail.com
Katie,Olson,White American,Katie Olson,Female,katie.olson@gmail.com
Megan,Olson,White American,Megan Olson,Female,megan.olson@gmail.com
Cara,Olson,White American,Cara Olson,Female,cara.olson@gmail.com
Allison,Olson,White American,Allison Olson,Female,allison.olson@gmail.com
Brooke,Olson,White American,Brooke Olson,Female,brooke.olson@gmail.com
Meredith,Olson,White American,Meredith Olson,Female,meredith.olson@gmail.com
Sharon,Ryan,White American,Sharon Ryan,Female,sharon.ryan@gmail.com
Molly,Ryan,White American,Molly Ryan,Female,molly.ryan@gmail.com
Katie,Ryan,White American,Katie Ryan,Female,katie.ryan@gmail.com
Megan,Ryan,White American,Megan Ryan,Female,megan.ryan@gmail.com
Cara,Ryan,White American,Cara Ryan,Female,cara.ryan@gmail.com
Allison,Ryan,White American,Allison Ryan,Female,allison.ryan@gmail.com
Brooke,Ryan,White American,Brooke Ryan,Female,brooke.ryan@gmail.com
Meredith,Ryan,White American,Meredith Ryan,Female,meredith.ryan@gmail.com
Sharon,Schmidt,White American,Sharon Schmidt,Female,sharon.schmidt@gmail.com
Molly,Schmidt,White American,Molly Schmidt,Female,molly.schmidt@gmail.com
Katie,Schmidt,White American,Katie Schmidt,Female,katie.schmidt@gmail.com
Megan,Schmidt,White American,Megan Schmidt,Female,megan.schmidt@gmail.com
Cara,Schmidt,White American,Cara Schmidt,Female,cara.schmidt@gmail.com
Allison,Schmidt,White American,Allison Schmidt,Female,allison.schmidt@gmail.com
Brooke,Schmidt,White American,Brooke Schmidt,Female,brooke.schmidt@gmail.com
Meredith,Schmidt,White American,Meredith Schmidt,Female,meredith.schmidt@gmail.com
Sharon,Snyder,White American,Sharon Snyder,Female,sharon.snyder@gmail.com
Molly,Snyder,White American,Molly Snyder,Female,molly.snyder@gmail.com
Katie,Snyder,White American,Katie Snyder,Female,katie.snyder@gmail.com
Megan,Snyder,White American,Megan Snyder,Female,megan.snyder@gmail.com
Cara,Snyder,White American,Cara Snyder,Female,cara.snyder@gmail.com
Allison,Snyder,White American,Allison Snyder,Female,allison.snyder@gmail.com
Brooke,Snyder,White American,Brooke Snyder,Female,brooke.snyder@gmail.com
Meredith,Snyder,White American,Meredith Snyder,Female,meredith.snyder@gmail.com
Sharon,Wagner,White American,Sharon Wagner,Female,sharon.wagner@gmail.com
Molly,Wagner,White American,Molly Wagner,Female,molly.wagner@gmail.com
Katie,Wagner,White American,Katie Wagner,Female,katie.wagner@gmail.com
Megan,Wagner,White American,Megan Wagner,Female,megan.wagner@gmail.com
Cara,Wagner,White American,Cara Wagner,Female,cara.wagner@gmail.com
Allison,Wagner,White American,Allison Wagner,Female,allison.wagner@gmail.com
Brooke,Wagner,White American,Brooke Wagner,Female,brooke.wagner@gmail.com
Meredith,Wagner,White American,Meredith Wagner,Female,meredith.wagner@gmail.com
